{"cameraMode":{"drawMode":0,"name":"Shaded","section":"Shading Mode"},"sceneLighting":false,"audioPlay":false,"sceneViewState":{"showFog":true,"showMaterialUpdate":false,"showSkybox":true,"showFlares":true,"showImageEffects":true,"showParticleSystems":true},"in2DMode":false,"pivot":{"x":3.25343656539917,"y":2.8073787689208986,"z":-1.7232933044433594},"rotation":{"x":-0.2504828870296478,"y":0.04818493500351906,"z":-0.012483402155339718,"w":-0.966841995716095},"size":20.152469635009767,"orthographic":false}